PROB_PROSPECT,PROB_ASSINANTE,PERFIL,QT_TOTAL_HIT_PAYWALL,DIASNAVEGADOS,NOTICIASLIDAS,VISITAS_CAPA,USOU_APP,PES_GENERO,ATR_PF_GEO_RENDA_FAM,IDADE
2.1948814,97.805115,True,2,6,0,24,True,False,2,38.0
99.752686,0.24730912,False,0,6,3,0,False,True,3,40.0
0.4058063,99.59419,True,46,20,31,7,False,False,3,65.0
99.89048,0.109522395,False,1,2,2,0,False,True,5,39.0
92.192184,7.8078127,False,1,1,1,0,False,False,3,63.0
0.5130172,99.486984,True,18,22,0,84,True,False,2,37.0
0.14562607,99.85437,True,0,0,0,0,False,False,3,45.0
99.780685,0.21931545,False,0,1,1,0,False,False,5,58.0
99.61981,0.38018999,False,3,1,0,0,False,True,4,44.0
99.6665,0.33350742,False,0,6,5,4,False,False,6,50.0
0.45235753,99.547646,True,92,38,27,8,True,False,2,54.0
1.042074,98.957924,True,3,2,5,0,False,False,4,78.0
1.9610107,98.03899,True,88,22,11,2,False,False,4,38.0
99.553894,0.446103,False,0,1,0,0,False,False,5,58.0
1.3023078,98.69769,True,20,12,0,16,True,False,3,31.0
99.92442,0.07558024,False,53,32,14,204,True,True,3,55.0
99.925385,0.074616335,False,0,26,69,9,False,False,5,61.0
99.53024,0.46975586,False,2,1,0,0,False,True,3,27.0
59.73532,40.264675,False,18,20,20,8,False,False,5,37.0
99.93784,0.062154833,False,1,39,42,40,True,False,5,30.0
99.98148,0.01851258,False,1,12,16,0,False,True,3,35.0
98.27089,1.729105,False,0,60,522,5,False,False,4,40.0
99.73768,0.26231784,False,0,10,4,0,False,False,4,41.0
1.0967791,98.90322,True,3,13,26,5,False,False,3,40.0
0.85184574,99.148155,True,46,33,30,75,False,False,5,33.0
2.3099124,97.69009,True,0,1,2,0,False,False,2,80.0
0.66334605,99.336655,True,0,0,0,0,False,False,3,63.0
99.95889,0.041102014,False,0,1,1,0,False,True,2,61.0
2.3099124,97.69009,True,0,1,2,0,False,False,2,80.0
99.92203,0.077977285,False,32,6,6,0,False,False,3,40.0
0.50263405,99.49737,True,20,58,286,0,False,True,2,49.0
1.4067769,98.59322,True,11,16,10,0,False,False,3,51.0
0.31557083,99.68443,True,0,0,0,0,False,False,2,32.0
99.97097,0.029036231,False,0,3,1,0,False,False,5,46.0
0.7016301,99.29837,True,3,4,4,0,False,False,4,25.0
99.40133,0.5986685,False,0,5,4,0,False,False,2,81.0
0.17697215,99.82303,True,0,0,0,0,False,False,3,32.0
0.14562607,99.85437,True,0,0,0,0,False,False,3,46.0
0.18094182,99.81906,True,0,0,0,0,False,True,4,30.0
99.921974,0.078028865,False,1,4,7,0,False,True,3,52.0
0.85166097,99.14834,True,0,16,5,84,True,False,5,39.0
99.52405,0.475953,False,0,2,2,0,False,False,3,39.0
39.605385,60.394615,False,2,5,0,7,True,False,3,42.0
0.31557083,99.68443,True,0,0,0,0,False,False,2,31.0
0.31557083,99.68443,True,0,0,0,0,False,False,2,31.0
1.3023078,98.69769,True,20,12,0,16,True,False,3,31.0
99.92602,0.07397978,False,2,2,4,0,False,True,2,38.0
0.5083442,99.49165,True,9,58,191,3,False,True,4,33.0
0.97967386,99.020325,True,1,6,3,7,False,False,2,54.0
1.5260339,98.47397,True,7,56,410,1366,True,False,3,47.0
99.821686,0.17831042,False,0,26,6,32,False,False,3,39.0
99.92904,0.070956424,False,0,3,3,0,False,True,4,33.0
0.7327378,99.267265,True,5,3,1,7,True,True,6,40.0
0.7210016,99.279,True,0,5,0,16,True,False,3,43.0
98.18257,1.8174298,False,43,48,0,362,True,False,3,56.0
0.97967386,99.020325,True,1,6,3,7,False,False,2,54.0
99.98048,0.019525237,False,0,5,0,0,False,False,2,33.0
1.8946946,98.10531,True,0,9,5,1,False,True,3,39.0
99.2264,0.77359813,False,0,28,30,66,False,False,4,79.0
99.9156,0.08439826,False,0,6,3,4,False,False,2,28.0
0.3575623,99.64244,True,1,1,0,9,True,False,3,44.0
99.93887,0.061126135,False,1,20,7,0,False,False,3,43.0
99.93959,0.060410913,False,0,2,3,1,False,True,2,30.0
99.99456,0.005441371,False,1,5,5,0,False,True,5,59.0
99.08283,0.91716415,False,0,2,2,1,False,True,2,89.0
1.4067769,98.59322,True,11,16,10,0,False,False,3,51.0
98.70582,1.2941829,False,0,49,182,9,True,False,5,38.0
99.946526,0.053470813,False,0,3,2,0,False,True,4,46.0
99.92327,0.0767272,False,0,7,5,0,False,True,2,30.0
99.82129,0.17871292,False,4,10,3,8,False,True,3,43.0
99.99004,0.009962519,False,0,2,1,0,False,True,3,58.0
99.9663,0.033698827,False,0,2,2,0,False,True,4,47.0
0.16396642,99.83604,True,0,0,0,0,False,False,2,36.0
0.3440082,99.65599,True,0,0,0,0,False,False,4,42.0
0.5556166,99.44438,True,0,0,0,0,False,False,2,41.0
99.420074,0.5799251,False,0,2,0,8,True,True,2,53.0
0.7210016,99.279,True,0,5,0,16,True,False,3,43.0
0.50626993,99.49373,True,6,51,177,0,False,False,4,36.0
99.95395,0.04604885,False,0,20,1,40,False,False,3,37.0
99.99236,0.0076332004,False,0,44,8,0,False,False,3,45.0
99.769844,0.2301566,False,4,22,24,0,False,True,2,37.0
99.66185,0.33814922,False,0,6,5,0,False,False,4,33.0
99.889404,0.11059722,False,0,13,25,0,False,False,5,48.0
0.30840635,99.6916,True,53,60,289,495,True,False,2,54.0
96.66595,3.3340528,False,1,4,2,1,False,False,4,47.0
99.98838,0.01161465,False,0,32,64,16,True,True,3,36.0
1.3023078,98.69769,True,20,12,0,16,True,False,3,31.0
99.32636,0.6736414,False,7,15,10,13,True,False,2,33.0
0.50626993,99.49373,True,6,51,177,0,False,False,4,36.0
99.91261,0.0873841,False,16,15,2,39,True,True,5,43.0
99.790695,0.20930535,False,0,1,1,0,False,True,3,37.0
2.1948814,97.805115,True,2,6,0,24,True,False,2,38.0
99.89808,0.10192247,False,0,4,4,2,False,False,3,56.0
98.99122,1.0087824,False,0,8,3,7,False,True,4,42.0
99.94578,0.054221857,False,0,3,2,1,False,False,2,35.0
0.3440082,99.65599,True,0,0,0,0,False,False,4,42.0
99.99073,0.009269943,False,0,12,17,0,False,True,2,29.0
99.99203,0.007974827,False,0,11,18,0,False,False,3,34.0
0.97967386,99.020325,True,1,6,3,7,False,False,2,54.0
99.98508,0.014926201,False,0,7,11,0,False,False,4,34.0
0.50263405,99.49737,True,20,58,286,0,False,True,2,49.0
0.66334605,99.336655,True,0,0,0,0,False,False,3,63.0
99.98146,0.018536655,False,0,28,29,59,True,True,2,36.0
97.64445,2.3555493,False,1,1,1,0,False,True,4,85.0
1.5260339,98.47397,True,7,56,410,1366,True,False,3,47.0
98.0043,1.9957013,False,0,1,1,0,False,False,4,28.0
1.3023078,98.69769,True,20,12,0,16,True,False,3,31.0
97.20365,2.7963498,False,0,7,0,22,True,False,3,38.0
0.7210016,99.279,True,0,5,0,16,True,False,3,43.0
0.5083442,99.49165,True,9,58,191,3,False,True,4,33.0
0.8388579,99.16114,True,0,12,6,15,False,False,1,55.0
99.88625,0.11374826,False,0,1,1,0,False,True,2,49.0
99.9398,0.060205366,False,0,38,67,89,True,False,5,50.0
0.8388579,99.16114,True,0,12,6,15,False,False,1,55.0
99.988106,0.011892352,False,0,2,1,0,False,True,3,30.0
99.74598,0.2540246,False,8,21,34,0,False,True,3,40.0
99.81994,0.18006001,False,8,10,0,56,True,False,4,44.0
2.1948814,97.805115,True,2,6,0,24,True,False,2,38.0
99.93409,0.06591056,False,4,20,22,0,False,True,3,27.0
0.17697215,99.82303,True,0,0,0,0,False,False,3,32.0
0.3575623,99.64244,True,1,1,0,9,True,False,3,44.0
1.3023078,98.69769,True,20,12,0,16,True,False,3,31.0
0.50263405,99.49737,True,20,58,286,0,False,True,2,49.0
0.97967386,99.020325,True,1,6,3,7,False,False,2,54.0
0.23238063,99.76762,True,0,0,0,0,False,False,5,78.0
99.93134,0.068657696,False,0,2,0,6,True,False,1,72.0
99.97262,0.027381513,False,0,6,6,0,False,False,4,35.0
99.78455,0.2154445,False,7,26,42,0,False,False,2,31.0
0.26646256,99.733536,True,0,0,0,0,False,True,2,37.0
0.3440082,99.65599,True,0,0,0,0,False,False,4,42.0
1.5260339,98.47397,True,7,56,410,1366,True,False,3,47.0
0.50263405,99.49737,True,20,58,286,0,False,True,2,49.0
99.9336,0.06639994,False,0,4,4,0,False,True,3,46.0
0.7016301,99.29837,True,3,4,4,0,False,False,4,25.0
91.309586,8.690412,False,0,1,2,0,False,False,2,60.0
0.85184574,99.148155,True,46,33,30,75,False,False,5,33.0
0.50626993,99.49373,True,6,51,177,0,False,False,4,36.0
1.4166951,98.583305,True,0,56,171,266,False,False,4,58.0
0.8388579,99.16114,True,0,12,6,15,False,False,1,55.0
0.14562607,99.85437,True,0,0,0,0,False,False,3,46.0
0.23238063,99.76762,True,0,0,0,0,False,False,5,78.0
1.1023343,98.89767,True,8,2,0,6,True,True,3,54.0
1.8946946,98.10531,True,0,9,5,1,False,True,3,39.0
99.815,0.18499848,False,2,8,6,0,False,False,2,40.0
0.58885217,99.41115,True,20,48,324,126,True,False,5,62.0
99.76162,0.2383813,False,4,3,3,0,False,True,2,35.0
99.96763,0.03237277,False,4,10,17,0,False,True,3,30.0
0.14562607,99.85437,True,0,0,0,0,False,False,3,45.0
0.30840635,99.6916,True,53,60,289,495,True,False,2,54.0
0.13891459,99.861084,True,0,0,0,0,False,False,3,26.0
99.01495,0.9850424,False,2,2,4,0,False,False,2,26.0
2.3099124,97.69009,True,0,1,2,0,False,False,2,80.0
0.8388579,99.16114,True,0,12,6,15,False,False,1,55.0
1.3347745,98.66522,True,3,4,3,0,False,False,2,45.0
0.31557083,99.68443,True,0,0,0,0,False,False,2,32.0
99.957504,0.042500187,False,0,1,1,0,False,True,5,56.0
0.21550655,99.78449,True,0,0,0,0,False,True,3,40.0
99.77207,0.2279261,False,0,1,1,0,False,False,2,40.0
95.50418,4.495815,False,0,1,2,0,False,True,4,28.0
0.7016301,99.29837,True,3,4,4,0,False,False,4,25.0
0.18094182,99.81906,True,0,0,0,0,False,True,4,30.0
0.20159483,99.79841,True,0,0,0,0,False,True,4,46.0
98.6503,1.3496993,False,4,9,13,0,False,False,1,46.0
99.920364,0.07963971,False,0,9,9,0,False,True,2,44.0
99.896675,0.10332169,False,2,37,55,0,False,False,4,48.0
0.31557083,99.68443,True,0,0,0,0,False,False,2,32.0
99.83396,0.16604158,False,0,1,1,0,False,True,4,34.0
0.30840635,99.6916,True,53,60,289,495,True,False,2,54.0
99.951416,0.048586644,False,0,4,5,0,False,True,2,50.0
99.98017,0.019829836,False,0,2,2,0,False,True,1,31.0
0.31557083,99.68443,True,0,0,0,0,False,False,2,32.0
99.28032,0.71967614,False,0,60,268,360,True,False,5,41.0
0.4058063,99.59419,True,46,20,31,7,False,False,3,65.0
1.0967791,98.90322,True,3,13,26,5,False,False,3,40.0
98.74065,1.2593502,False,46,39,21,0,False,False,4,35.0
99.84134,0.15865919,False,0,48,163,198,True,False,4,56.0
0.17697215,99.82303,True,0,0,0,0,False,False,3,32.0
99.97672,0.023274584,False,0,3,0,4,True,False,3,45.0
99.88863,0.111363016,False,0,5,5,0,False,False,2,40.0
99.99825,0.0017435371,False,0,29,53,27,True,True,5,47.0
99.17375,0.826252,False,0,13,11,14,True,True,4,25.0
22.081835,77.91817,False,3,2,3,0,False,False,2,27.0
99.62473,0.37526584,False,3,14,0,58,True,False,3,48.0
1.8946946,98.10531,True,0,9,5,1,False,True,3,39.0
2.1948814,97.805115,True,2,6,0,24,True,False,2,38.0
99.84185,0.15814972,False,22,14,7,9,False,True,2,34.0
1.8946946,98.10531,True,0,9,5,1,False,True,3,39.0
99.81355,0.18644993,False,0,6,2,0,False,True,3,54.0
7.4292364,92.57076,False,3,2,1,0,False,False,3,54.0
1.4166951,98.583305,True,0,56,171,266,False,False,4,58.0
0.3575623,99.64244,True,1,1,0,9,True,False,3,44.0
99.91619,0.083809085,False,0,5,4,0,False,True,4,46.0
0.4513085,99.54869,True,0,0,0,0,False,False,4,57.0
0.58885217,99.41115,True,20,48,324,126,True,False,5,62.0
99.14462,0.8553828,False,16,15,0,48,True,False,2,46.0
99.74238,0.25762156,False,0,60,487,2,False,False,2,33.0
99.89629,0.10370372,False,0,3,3,0,False,True,4,26.0
99.86824,0.13175388,False,0,17,24,0,False,False,2,36.0
1.4067769,98.59322,True,11,16,10,0,False,False,3,51.0
0.18380284,99.8162,True,0,0,0,0,False,True,3,29.0
99.98535,0.014649301,False,10,43,0,411,True,True,5,41.0
99.86163,0.13836892,False,0,59,197,462,True,False,2,40.0
0.20159483,99.79841,True,0,0,0,0,False,True,4,46.0
0.3440082,99.65599,True,0,0,0,0,False,False,4,42.0
79.68315,20.316849,False,45,17,10,0,False,False,2,43.0
0.17697215,99.82303,True,0,0,0,0,False,False,3,32.0
0.3575623,99.64244,True,1,1,0,9,True,False,3,44.0
99.499306,0.5006922,False,0,1,1,0,False,False,2,44.0
0.7327378,99.267265,True,5,3,1,7,True,True,6,40.0
98.85347,1.1465317,False,42,60,0,325,True,False,2,32.0
0.3719747,99.62803,True,9,0,0,0,False,False,3,55.0
95.49859,4.5014076,False,0,1,0,1,False,True,3,36.0
0.20941496,99.79059,True,0,0,0,0,False,True,4,34.0
99.9645,0.035500802,False,0,1,1,0,False,True,4,63.0
51.346077,48.653923,False,18,20,3,34,True,False,4,37.0
0.14562607,99.85437,True,0,0,0,0,False,False,3,46.0
92.60459,7.3954096,False,30,13,0,102,True,False,2,40.0
0.3575623,99.64244,True,1,1,0,9,True,False,3,44.0
99.734764,0.26523203,False,0,56,148,245,False,False,3,46.0
99.60631,0.39369422,False,0,1,0,0,False,True,3,24.0
99.91049,0.08950714,False,0,13,20,0,False,False,4,37.0
2.1948814,97.805115,True,2,6,0,24,True,False,2,38.0
0.21550655,99.78449,True,0,0,0,0,False,True,3,40.0
99.2694,0.7305976,False,3,5,9,0,False,False,6,41.0
0.85166097,99.14834,True,0,16,5,84,True,False,5,39.0
99.96744,0.032560527,False,0,4,4,0,False,True,3,31.0
99.75818,0.2418201,False,0,2,0,6,True,False,2,50.0
0.26646256,99.733536,True,0,0,0,0,False,True,2,37.0
99.828384,0.17161301,False,36,19,0,147,True,False,3,73.0
99.77818,0.2218164,False,0,1,1,0,False,False,3,59.0
0.3440082,99.65599,True,0,0,0,0,False,False,4,42.0
0.23238063,99.76762,True,0,0,0,0,False,False,5,78.0
0.14562607,99.85437,True,0,0,0,0,False,False,3,45.0
0.31557083,99.68443,True,0,0,0,0,False,False,2,31.0
0.85166097,99.14834,True,0,16,5,84,True,False,5,39.0
99.993706,0.0062948777,False,0,3,2,0,False,True,4,69.0
1.4067769,98.59322,True,11,16,10,0,False,False,3,51.0
0.97967386,99.020325,True,1,6,3,7,False,False,2,54.0
99.77734,0.22265191,False,0,13,2,0,False,False,5,32.0
99.394424,0.6055757,False,8,23,10,41,True,False,4,29.0
0.3719747,99.62803,True,9,0,0,0,False,False,3,55.0
1.4166951,98.583305,True,0,56,171,266,False,False,4,58.0
99.88688,0.11311883,False,4,12,17,0,False,True,4,41.0
0.26646256,99.733536,True,0,0,0,0,False,True,2,37.0
99.6952,0.30480003,False,0,4,4,0,False,False,3,45.0
99.97809,0.021912467,False,0,28,68,149,True,True,5,61.0
0.85166097,99.14834,True,0,16,5,84,True,False,5,39.0
0.81771016,99.18229,True,44,33,10,151,True,False,2,45.0
0.5083442,99.49165,True,9,58,191,3,False,True,4,33.0
0.3575623,99.64244,True,1,1,0,9,True,False,3,44.0
79.092255,20.907743,False,18,7,0,19,True,False,2,74.0
66.33208,33.667923,False,18,5,0,26,True,False,5,39.0
0.58885217,99.41115,True,20,48,324,126,True,False,5,62.0
0.31557083,99.68443,True,0,0,0,0,False,False,2,31.0
99.408,0.59199744,False,0,1,0,2,True,False,3,43.0
0.50626993,99.49373,True,6,51,177,0,False,False,4,36.0
99.932106,0.0678952,False,0,2,0,0,False,False,2,37.0
99.806305,0.19369261,False,0,5,5,0,False,False,4,31.0
0.3440082,99.65599,True,0,0,0,0,False,False,4,42.0
0.17697215,99.82303,True,0,0,0,0,False,False,3,32.0
99.93402,0.065977335,False,0,26,6,37,False,False,3,42.0
0.5130172,99.486984,True,18,22,0,84,True,False,2,37.0
1.3347745,98.66522,True,3,4,3,0,False,False,2,45.0
1.1651039,98.8349,True,1,1,1,1,False,False,2,51.0
97.601,2.3990037,False,4,6,6,7,False,True,5,40.0
62.796497,37.2035,False,0,1,2,0,False,False,4,50.0
99.94327,0.056733325,False,0,10,10,0,False,True,4,50.0
99.82966,0.17033637,False,0,1,1,0,False,True,3,31.0
99.83595,0.16404736,False,0,1,0,0,False,True,3,49.0
92.80083,7.199176,False,2,14,4,2,False,False,4,36.0
0.66334605,99.336655,True,0,0,0,0,False,False,3,63.0
2.1948814,97.805115,True,2,6,0,24,True,False,2,38.0
87.4908,12.509206,False,10,8,10,0,False,False,1,46.0
0.30840635,99.6916,True,53,60,289,495,True,False,2,54.0
93.65556,6.34444,False,15,25,13,0,False,False,4,36.0
0.7327378,99.267265,True,5,3,1,7,True,True,6,40.0
99.36813,0.6318602,False,46,40,0,172,True,False,3,62.0
1.1023343,98.89767,True,8,2,0,6,True,True,3,54.0
99.98536,0.014639499,False,0,25,0,0,False,False,2,68.0
0.16396642,99.83604,True,0,0,0,0,False,False,2,36.0
0.45235753,99.547646,True,92,38,27,8,True,False,2,54.0
92.02771,7.9722853,False,0,1,2,0,False,False,3,73.0
98.515495,1.4845039,False,10,2,0,3,True,True,2,36.0
99.78297,0.21703102,False,22,21,16,0,False,False,4,60.0
0.7327378,99.267265,True,5,3,1,7,True,True,6,40.0
99.50078,0.49922386,False,16,38,0,358,True,False,3,54.0
1.4067769,98.59322,True,11,16,10,0,False,False,3,51.0
0.58885217,99.41115,True,20,48,324,126,True,False,5,62.0
99.9918,0.008201485,False,0,31,8,0,False,True,3,35.0
99.68816,0.31183195,False,0,2,2,0,False,False,4,28.0
99.92584,0.07415384,False,0,58,301,45,True,False,5,35.0
99.96989,0.030109653,False,0,4,2,0,False,True,3,52.0
0.36676526,99.63323,True,1,1,0,12,True,False,5,29.0
99.868065,0.13193281,False,10,19,24,0,False,False,3,35.0
0.21550655,99.78449,True,0,0,0,0,False,True,3,40.0
0.50263405,99.49737,True,20,58,286,0,False,True,2,49.0
99.56394,0.43605784,False,11,23,46,0,False,False,2,30.0
0.30840635,99.6916,True,53,60,289,495,True,False,2,54.0
0.20444393,99.795555,True,0,0,0,0,False,True,3,44.0
0.45235753,99.547646,True,92,38,27,8,True,False,2,54.0
98.66814,1.331866,False,0,60,580,710,True,True,4,76.0
99.85521,0.14478864,False,0,1,1,0,False,True,4,45.0
1.9610107,98.03899,True,88,22,11,2,False,False,4,38.0
0.16396642,99.83604,True,0,0,0,0,False,False,2,36.0
99.961266,0.03872917,False,0,2,2,0,False,True,3,27.0
0.17697215,99.82303,True,0,0,0,0,False,False,3,32.0
0.21550655,99.78449,True,0,0,0,0,False,True,3,40.0
0.31557083,99.68443,True,0,0,0,0,False,False,2,32.0
0.8388579,99.16114,True,0,12,6,15,False,False,1,55.0
0.50263405,99.49737,True,20,58,286,0,False,True,2,49.0
1.3347745,98.66522,True,3,4,3,0,False,False,2,45.0
99.71353,0.28646663,False,6,8,6,1,False,False,2,24.0
99.84999,0.15000662,False,8,35,19,45,False,False,0,40.0
0.21550655,99.78449,True,0,0,0,0,False,True,3,40.0
0.81771016,99.18229,True,44,33,10,151,True,False,2,45.0
46.768234,53.231766,False,6,3,0,20,True,False,3,47.0
95.240654,4.7593455,False,1,60,662,985,True,False,3,73.0
0.20159483,99.79841,True,0,0,0,0,False,True,4,46.0
99.96665,0.033347648,False,0,21,25,0,False,True,4,34.0
1.3347745,98.66522,True,3,4,3,0,False,False,2,45.0
99.90365,0.09635358,False,0,10,15,0,False,True,3,36.0
0.14562607,99.85437,True,0,0,0,0,False,False,3,45.0
0.5083442,99.49165,True,9,58,191,3,False,True,4,33.0
99.94372,0.056284726,False,0,2,1,0,False,False,3,77.0
99.88876,0.11124135,False,0,2,0,1,False,True,4,56.0
99.86122,0.13877803,False,2,13,16,0,False,True,4,36.0
99.97133,0.028666953,False,0,2,3,0,False,True,3,33.0
1.1651039,98.8349,True,1,1,1,1,False,False,2,51.0
98.56663,1.4333743,False,8,1,0,4,True,True,2,36.0
99.89756,0.10244211,False,12,10,7,0,False,False,4,44.0
99.93323,0.06677185,False,123,47,0,383,True,True,2,41.0
99.94635,0.053649932,False,0,38,58,0,False,False,1,47.0
0.23238063,99.76762,True,0,0,0,0,False,False,5,78.0
89.53289,10.467111,False,0,60,748,1244,True,False,6,70.0
1.9610107,98.03899,True,88,22,11,2,False,False,4,38.0
0.3440082,99.65599,True,0,0,0,0,False,False,4,42.0
0.66334605,99.336655,True,0,0,0,0,False,False,3,63.0
1.8946946,98.10531,True,0,9,5,1,False,True,3,39.0
0.97967386,99.020325,True,1,6,3,7,False,False,2,54.0
1.4166951,98.583305,True,0,56,171,266,False,False,4,58.0
99.63387,0.36612776,False,0,2,3,0,False,False,4,45.0
99.35372,0.64627945,False,0,1,1,0,False,False,4,34.0
99.99245,0.007553924,False,0,5,6,0,False,True,2,35.0
0.16396642,99.83604,True,0,0,0,0,False,False,2,36.0
0.16396642,99.83604,True,0,0,0,0,False,False,2,36.0
0.3575623,99.64244,True,1,1,0,9,True,False,3,44.0
1.4166951,98.583305,True,0,56,171,266,False,False,4,58.0
0.50626993,99.49373,True,6,51,177,0,False,False,4,36.0
0.4058063,99.59419,True,46,20,31,7,False,False,3,65.0
0.81771016,99.18229,True,44,33,10,151,True,False,2,45.0
0.8388579,99.16114,True,0,12,6,15,False,False,1,55.0
1.1651039,98.8349,True,1,1,1,1,False,False,2,51.0
99.96721,0.032787085,False,0,4,5,0,False,True,3,31.0
99.97845,0.021551192,False,0,53,386,148,True,True,2,41.0
99.7952,0.20479865,False,0,1,1,0,False,False,2,43.0
0.26646256,99.733536,True,0,0,0,0,False,True,2,37.0
99.61009,0.38991,False,0,1,0,0,False,False,5,40.0
0.3719747,99.62803,True,9,0,0,0,False,False,3,55.0
0.3575623,99.64244,True,1,1,0,9,True,False,3,44.0
0.18380284,99.8162,True,0,0,0,0,False,True,3,29.0
94.577255,5.422747,False,30,11,14,0,False,False,2,52.0
99.947464,0.052537147,False,1,45,50,52,True,False,4,33.0
99.96503,0.034975454,False,0,22,17,17,False,True,3,36.0
0.8388579,99.16114,True,0,12,6,15,False,False,1,55.0
0.26646256,99.733536,True,0,0,0,0,False,True,2,37.0
1.1651039,98.8349,True,1,1,1,1,False,False,2,51.0
0.7327378,99.267265,True,5,3,1,7,True,True,6,40.0
0.3575623,99.64244,True,1,1,0,9,True,False,3,44.0
98.08771,1.9122984,False,3,8,7,4,False,False,4,38.0
99.982574,0.017428473,False,0,5,6,0,False,True,3,26.0
0.21550655,99.78449,True,0,0,0,0,False,True,3,40.0
99.95379,0.04621287,False,0,8,4,0,False,True,3,35.0
95.84337,4.1566315,False,16,12,0,52,True,False,4,32.0
0.7016301,99.29837,True,3,4,4,0,False,False,4,25.0
0.18094182,99.81906,True,0,0,0,0,False,True,4,30.0
0.3575623,99.64244,True,1,1,0,9,True,False,3,44.0
0.7327378,99.267265,True,5,3,1,7,True,True,6,40.0
97.78082,2.2191744,False,3,8,4,14,False,False,3,31.0
99.643814,0.35618693,False,0,1,1,0,False,True,2,51.0
99.73722,0.26278093,False,0,13,5,0,False,False,3,35.0
0.26646256,99.733536,True,0,0,0,0,False,True,2,37.0
0.18380284,99.8162,True,0,0,0,0,False,True,3,29.0
0.30840635,99.6916,True,53,60,289,495,True,False,2,54.0
2.1948814,97.805115,True,2,6,0,24,True,False,2,38.0
80.135574,19.864426,False,3,2,3,1,False,True,2,68.0
0.20941496,99.79059,True,0,0,0,0,False,True,4,34.0
99.90866,0.091337144,False,1,2,0,3,True,False,1,34.0
99.99378,0.0062195817,False,30,38,3,207,True,True,2,66.0
99.98127,0.018735707,False,37,41,0,171,True,True,2,58.0
99.75828,0.24172337,False,12,8,11,0,False,True,6,57.0
99.965164,0.034836356,False,0,18,37,0,False,False,3,40.0
0.13891459,99.861084,True,0,0,0,0,False,False,3,26.0
97.936806,2.063195,False,1,10,0,13,True,False,4,30.0
99.98608,0.013922964,False,0,3,1,0,False,True,2,50.0
0.18094182,99.81906,True,0,0,0,0,False,True,4,30.0
99.92667,0.07332873,False,0,1,1,0,False,True,6,51.0
0.7210016,99.279,True,0,5,0,16,True,False,3,43.0
98.971886,1.0281161,False,0,8,1,9,False,False,4,42.0
99.6487,0.35130453,False,15,21,15,1,False,False,3,43.0
2.1948814,97.805115,True,2,6,0,24,True,False,2,38.0
0.31557083,99.68443,True,0,0,0,0,False,False,2,32.0
0.3575623,99.64244,True,1,1,0,9,True,False,3,44.0
99.981636,0.018364321,False,0,41,88,20,False,False,2,43.0
0.36676526,99.63323,True,1,1,0,12,True,False,5,29.0
0.4058063,99.59419,True,46,20,31,7,False,False,3,65.0
98.88141,1.1185913,False,69,40,21,2,False,False,2,43.0
99.87568,0.124322645,False,0,53,223,21,False,True,3,79.0
99.962364,0.037637226,False,4,41,6,260,True,False,3,33.0
0.5130172,99.486984,True,18,22,0,84,True,False,2,37.0
99.97142,0.028580964,False,4,46,0,359,True,False,2,41.0
0.21550655,99.78449,True,0,0,0,0,False,True,3,40.0
99.969604,0.030389944,False,0,2,2,0,False,True,3,32.0
99.89952,0.100479394,False,21,20,9,2,False,False,3,63.0
1.1651039,98.8349,True,1,1,1,1,False,False,2,51.0
99.984344,0.015656663,False,0,3,3,0,False,True,5,41.0
0.7016301,99.29837,True,3,4,4,0,False,False,4,25.0
1.1651039,98.8349,True,1,1,1,1,False,False,2,51.0
1.782757,98.21724,True,0,1,2,0,False,False,4,36.0
99.968475,0.03152439,False,5,26,0,41,True,True,3,38.0
0.85166097,99.14834,True,0,16,5,84,True,False,5,39.0
1.8946946,98.10531,True,0,9,5,1,False,True,3,39.0
0.13891459,99.861084,True,0,0,0,0,False,False,3,26.0
99.40124,0.5987616,False,0,2,4,0,False,False,3,39.0
1.0967791,98.90322,True,3,13,26,5,False,False,3,40.0
99.802124,0.19787532,False,5,7,9,0,False,False,4,31.0
0.66334605,99.336655,True,0,0,0,0,False,False,3,63.0
99.94841,0.05159491,False,0,2,3,0,False,False,3,68.0
0.23238063,99.76762,True,0,0,0,0,False,False,5,78.0
76.0978,23.902203,False,222,57,373,985,True,True,3,51.0
92.14875,7.8512506,False,2,2,0,0,False,False,2,84.0
0.97967386,99.020325,True,1,6,3,7,False,False,2,54.0
0.50263405,99.49737,True,20,58,286,0,False,True,2,49.0
96.64688,3.3531175,False,0,60,604,934,True,False,2,52.0
0.3719747,99.62803,True,9,0,0,0,False,False,3,55.0
99.701035,0.29896718,False,84,24,12,3,False,True,3,57.0
0.81771016,99.18229,True,44,33,10,151,True,False,2,45.0
32.206856,67.793144,False,171,45,204,217,False,False,3,37.0
99.384155,0.61584413,False,0,1,0,0,False,True,4,39.0
0.20941496,99.79059,True,0,0,0,0,False,True,4,34.0
99.91555,0.08444923,False,0,3,2,1,False,True,4,65.0
1.5260339,98.47397,True,7,56,410,1366,True,False,3,47.0
99.980804,0.019196797,False,0,57,87,391,True,False,3,38.0
0.17697215,99.82303,True,0,0,0,0,False,False,3,32.0
1.4067769,98.59322,True,11,16,10,0,False,False,3,51.0
99.04942,0.95057434,False,4,1,1,0,False,False,4,35.0
99.69687,0.30312845,False,10,12,7,0,False,False,2,44.0
99.84467,0.15533099,False,0,1,1,0,False,True,3,38.0
73.48743,26.512579,False,10,13,13,0,False,False,3,51.0
99.73588,0.26411906,False,1,8,5,0,False,False,2,64.0
99.98704,0.012962107,False,0,5,1,3,False,False,2,33.0
0.36676526,99.63323,True,1,1,0,12,True,False,5,29.0
96.73995,3.2600489,False,14,2,1,2,False,False,4,27.0
91.179375,8.820624,False,5,1,0,5,True,False,4,42.0
99.43029,0.5697057,False,0,59,850,0,False,False,4,42.0
0.3440082,99.65599,True,0,0,0,0,False,False,4,42.0
99.85521,0.14478864,False,0,1,1,0,False,True,4,45.0
0.4058063,99.59419,True,46,20,31,7,False,False,3,65.0
1.0967791,98.90322,True,3,13,26,5,False,False,3,40.0
0.20159483,99.79841,True,0,0,0,0,False,True,4,46.0
2.3099124,97.69009,True,0,1,2,0,False,False,2,80.0
99.871704,0.12829852,False,0,1,1,0,False,True,3,34.0
93.35668,6.643318,False,20,7,10,1,False,False,2,34.0
99.64453,0.35546988,False,0,2,3,0,False,False,3,46.0
99.94835,0.051648885,False,0,34,17,53,False,False,4,67.0
99.84375,0.15624684,False,0,5,4,0,False,False,4,47.0
0.30840635,99.6916,True,53,60,289,495,True,False,2,54.0
99.07242,0.9275845,False,0,10,0,40,True,False,3,50.0
0.31557083,99.68443,True,0,0,0,0,False,False,2,31.0
51.617928,48.382072,False,0,1,2,0,False,False,3,39.0
0.97967386,99.020325,True,1,6,3,7,False,False,2,54.0
0.13891459,99.861084,True,0,0,0,0,False,False,3,26.0
1.8946946,98.10531,True,0,9,5,1,False,True,3,39.0
99.84191,0.15808947,False,14,12,10,0,False,True,2,61.0
0.31557083,99.68443,True,0,0,0,0,False,False,2,31.0
99.9747,0.025302269,False,0,6,8,2,False,True,5,64.0
99.996864,0.0031359417,False,0,43,83,231,True,False,3,35.0
99.9645,0.035500802,False,0,1,1,0,False,True,4,65.0
0.5083442,99.49165,True,9,58,191,3,False,True,4,33.0
99.92265,0.077340774,False,10,10,9,1,False,False,3,30.0
0.31557083,99.68443,True,0,0,0,0,False,False,2,32.0
99.98827,0.0117268935,False,0,31,47,106,True,True,3,51.0
67.69254,32.30746,False,46,21,9,4,False,False,2,48.0
99.91985,0.080147624,False,0,37,326,46,False,True,5,35.0
0.50263405,99.49737,True,20,58,286,0,False,True,2,49.0
0.20444393,99.795555,True,0,0,0,0,False,True,3,44.0
